id,timestamp,packet_length,event_id,severity,message
1,2025-01-26 13:00:00,5000.0,,Medium,No description
2,2025-01-26 13:00:00,5000.0,,Medium,No description
3,Jan 22 22:07,,468900.0,Information,Security event detected: Event ID 468900
4,Jan 22 22:07,,468901.0,Warning,Security event detected: Event ID 468901
5,Jan 22 22:00,,2147745921.0,Warning,Security event detected: Event ID 2147745921
6,Jan 22 21:10,,468900.0,Information,Security event detected: Event ID 468900
7,Jan 22 20:39,,468900.0,Information,Security event detected: Event ID 468900
8,Jan 22 15:11,,468900.0,Information,Security event detected: Event ID 468900
9,Jan 22 14:50,,2147498949.0,Warning,Security event detected: Event ID 2147498949
10,Jan 22 14:50,,2147498948.0,Warning,Security event detected: Event ID 2147498948
11,Jan 22 14:25,,2147498949.0,Warning,Security event detected: Event ID 2147498949
12,Jan 22 13:23,,468900.0,Information,Security event detected: Event ID 468900
13,Jan 22 13:23,,468901.0,Warning,Security event detected: Event ID 468901
14,Jan 22 13:21,,468900.0,Information,Security event detected: Event ID 468900
15,Jan 22 22:07,,468900.0,Information,Security event detected: Event ID 468900
16,Jan 22 22:07,,468901.0,Warning,Security event detected: Event ID 468901
17,Jan 22 22:00,,2147745921.0,Warning,Security event detected: Event ID 2147745921
18,Jan 22 21:10,,468900.0,Information,Security event detected: Event ID 468900
19,Jan 22 20:39,,468900.0,Information,Security event detected: Event ID 468900
20,Jan 22 15:11,,468900.0,Information,Security event detected: Event ID 468900
21,Jan 22 14:50,,2147498949.0,Warning,Security event detected: Event ID 2147498949
22,Jan 22 14:50,,2147498948.0,Warning,Security event detected: Event ID 2147498948
23,Jan 22 14:25,,2147498949.0,Warning,Security event detected: Event ID 2147498949
24,Jan 22 13:23,,468900.0,Information,Security event detected: Event ID 468900
25,Jan 22 13:23,,468901.0,Warning,Security event detected: Event ID 468901
26,Jan 22 13:21,,468900.0,Information,Security event detected: Event ID 468900
27,Jan 22 22:07,,468900.0,Information,Security event detected: Event ID 468900
28,Jan 22 22:07,,468901.0,Warning,Security event detected: Event ID 468901
29,Jan 22 22:00,,2147745921.0,Warning,Security event detected: Event ID 2147745921
30,Jan 22 21:10,,468900.0,Information,Security event detected: Event ID 468900
31,Jan 22 20:39,,468900.0,Information,Security event detected: Event ID 468900
32,Jan 22 15:11,,468900.0,Information,Security event detected: Event ID 468900
33,Jan 22 14:50,,2147498949.0,Warning,Security event detected: Event ID 2147498949
34,Jan 22 14:50,,2147498948.0,Warning,Security event detected: Event ID 2147498948
35,Jan 22 14:25,,2147498949.0,Warning,Security event detected: Event ID 2147498949
36,Jan 22 13:23,,468900.0,Information,Security event detected: Event ID 468900
37,Jan 22 13:23,,468901.0,Warning,Security event detected: Event ID 468901
38,Jan 22 13:21,,468900.0,Information,Security event detected: Event ID 468900
39,Jan 22 22:07,,468900.0,Information,Security event detected: Event ID 468900
40,Jan 22 22:07,,468901.0,Warning,Security event detected: Event ID 468901
41,Jan 22 22:00,,2147745921.0,Warning,Security event detected: Event ID 2147745921
42,Jan 22 21:10,,468900.0,Information,Security event detected: Event ID 468900
43,Jan 22 20:39,,468900.0,Information,Security event detected: Event ID 468900
44,Jan 22 15:11,,468900.0,Information,Security event detected: Event ID 468900
45,Jan 22 14:50,,2147498949.0,Warning,Security event detected: Event ID 2147498949
46,Jan 22 14:50,,2147498948.0,Warning,Security event detected: Event ID 2147498948
47,Jan 22 14:25,,2147498949.0,Warning,Security event detected: Event ID 2147498949
48,Jan 22 13:23,,468900.0,Information,Security event detected: Event ID 468900
49,Jan 22 13:23,,468901.0,Warning,Security event detected: Event ID 468901
50,Jan 22 13:21,,468900.0,Information,Security event detected: Event ID 468900
51,Jan 22 22:07,,468900.0,Information,Security event detected: Event ID 468900
52,Jan 22 22:07,,468901.0,Warning,Security event detected: Event ID 468901
53,Jan 22 22:00,,2147745921.0,Warning,Security event detected: Event ID 2147745921
54,Jan 22 21:10,,468900.0,Information,Security event detected: Event ID 468900
55,Jan 22 20:39,,468900.0,Information,Security event detected: Event ID 468900
56,Jan 22 15:11,,468900.0,Information,Security event detected: Event ID 468900
57,Jan 22 14:50,,2147498949.0,Warning,Security event detected: Event ID 2147498949
58,Jan 22 14:50,,2147498948.0,Warning,Security event detected: Event ID 2147498948
59,Jan 22 14:25,,2147498949.0,Warning,Security event detected: Event ID 2147498949
60,Jan 22 13:23,,468900.0,Information,Security event detected: Event ID 468900
61,Jan 22 13:23,,468901.0,Warning,Security event detected: Event ID 468901
62,Jan 22 13:21,,468900.0,Information,Security event detected: Event ID 468900
63,Jan 22 22:07,,468900.0,Information,Security event detected: Event ID 468900
64,Jan 22 22:07,,468901.0,Warning,Security event detected: Event ID 468901
65,Jan 22 22:00,,2147745921.0,Warning,Security event detected: Event ID 2147745921
66,Jan 22 21:10,,468900.0,Information,Security event detected: Event ID 468900
67,Jan 22 20:39,,468900.0,Information,Security event detected: Event ID 468900
68,Jan 22 15:11,,468900.0,Information,Security event detected: Event ID 468900
69,Jan 22 14:50,,2147498949.0,Warning,Security event detected: Event ID 2147498949
70,Jan 22 14:50,,2147498948.0,Warning,Security event detected: Event ID 2147498948
71,Jan 22 14:25,,2147498949.0,Warning,Security event detected: Event ID 2147498949
72,Jan 22 13:23,,468900.0,Information,Security event detected: Event ID 468900
73,Jan 22 13:23,,468901.0,Warning,Security event detected: Event ID 468901
74,Jan 22 13:21,,468900.0,Information,Security event detected: Event ID 468900
75,Jan 22 22:07,,468900.0,Information,Security event detected: Event ID 468900
76,Jan 22 22:07,,468901.0,Warning,Security event detected: Event ID 468901
77,Jan 22 22:00,,2147745921.0,Warning,Security event detected: Event ID 2147745921
78,Jan 22 21:10,,468900.0,Information,Security event detected: Event ID 468900
79,Jan 22 20:39,,468900.0,Information,Security event detected: Event ID 468900
80,Jan 22 15:11,,468900.0,Information,Security event detected: Event ID 468900
81,Jan 22 14:50,,2147498949.0,Warning,Security event detected: Event ID 2147498949
82,Jan 22 14:50,,2147498948.0,Warning,Security event detected: Event ID 2147498948
83,Jan 22 14:25,,2147498949.0,Warning,Security event detected: Event ID 2147498949
84,Jan 22 13:23,,468900.0,Information,Security event detected: Event ID 468900
85,Jan 22 13:23,,468901.0,Warning,Security event detected: Event ID 468901
86,Jan 22 13:21,,468900.0,Information,Security event detected: Event ID 468900
87,Jan 22 22:07,,468900.0,Information,Security event detected: Event ID 468900
88,Jan 22 22:07,,468901.0,Warning,Security event detected: Event ID 468901
89,Jan 22 22:00,,2147745921.0,Warning,Security event detected: Event ID 2147745921
90,Jan 22 21:10,,468900.0,Information,Security event detected: Event ID 468900
91,Jan 22 20:39,,468900.0,Information,Security event detected: Event ID 468900
92,Jan 22 15:11,,468900.0,Information,Security event detected: Event ID 468900
93,Jan 22 14:50,,2147498949.0,Warning,Security event detected: Event ID 2147498949
94,Jan 22 14:50,,2147498948.0,Warning,Security event detected: Event ID 2147498948
95,Jan 22 14:25,,2147498949.0,Warning,Security event detected: Event ID 2147498949
96,Jan 22 13:23,,468900.0,Information,Security event detected: Event ID 468900
97,Jan 22 13:23,,468901.0,Warning,Security event detected: Event ID 468901
98,Jan 22 13:21,,468900.0,Information,Security event detected: Event ID 468900
99,Jan 22 22:07,,468900.0,Information,Security event detected: Event ID 468900
100,Jan 22 22:07,,468901.0,Warning,Security event detected: Event ID 468901
101,Jan 22 22:00,,2147745921.0,Warning,Security event detected: Event ID 2147745921
102,Jan 22 21:10,,468900.0,Information,Security event detected: Event ID 468900
103,Jan 22 20:39,,468900.0,Information,Security event detected: Event ID 468900
104,Jan 22 15:11,,468900.0,Information,Security event detected: Event ID 468900
105,Jan 22 14:50,,2147498949.0,Warning,Security event detected: Event ID 2147498949
106,Jan 22 14:50,,2147498948.0,Warning,Security event detected: Event ID 2147498948
107,Jan 22 14:25,,2147498949.0,Warning,Security event detected: Event ID 2147498949
108,Jan 22 13:23,,468900.0,Information,Security event detected: Event ID 468900
109,Jan 22 13:23,,468901.0,Warning,Security event detected: Event ID 468901
110,Jan 22 13:21,,468900.0,Information,Security event detected: Event ID 468900
111,Jan 22 22:07,,468900.0,Information,Security event detected: Event ID 468900
112,Jan 22 22:07,,468901.0,Warning,Security event detected: Event ID 468901
113,Jan 22 22:00,,2147745921.0,Warning,Security event detected: Event ID 2147745921
114,Jan 22 21:10,,468900.0,Information,Security event detected: Event ID 468900
115,Jan 22 20:39,,468900.0,Information,Security event detected: Event ID 468900
116,Jan 22 15:11,,468900.0,Information,Security event detected: Event ID 468900
117,Jan 22 14:50,,2147498949.0,Warning,Security event detected: Event ID 2147498949
118,Jan 22 14:50,,2147498948.0,Warning,Security event detected: Event ID 2147498948
119,Jan 22 14:25,,2147498949.0,Warning,Security event detected: Event ID 2147498949
120,Jan 22 13:23,,468900.0,Information,Security event detected: Event ID 468900
121,Jan 22 13:23,,468901.0,Warning,Security event detected: Event ID 468901
122,Jan 22 13:21,,468900.0,Information,Security event detected: Event ID 468900
123,Jan 22 22:07,,468900.0,Information,Security event detected: Event ID 468900
124,Jan 22 22:07,,468901.0,Warning,Security event detected: Event ID 468901
125,Jan 22 22:00,,2147745921.0,Warning,Security event detected: Event ID 2147745921
126,Jan 22 21:10,,468900.0,Information,Security event detected: Event ID 468900
127,Jan 22 20:39,,468900.0,Information,Security event detected: Event ID 468900
128,Jan 22 15:11,,468900.0,Information,Security event detected: Event ID 468900
129,Jan 22 14:50,,2147498949.0,Warning,Security event detected: Event ID 2147498949
130,Jan 22 14:50,,2147498948.0,Warning,Security event detected: Event ID 2147498948
131,Jan 22 14:25,,2147498949.0,Warning,Security event detected: Event ID 2147498949
132,Jan 22 13:23,,468900.0,Information,Security event detected: Event ID 468900
133,Jan 22 13:23,,468901.0,Warning,Security event detected: Event ID 468901
134,Jan 22 13:21,,468900.0,Information,Security event detected: Event ID 468900
135,Jan 22 22:07,,468900.0,Information,Security event detected: Event ID 468900
136,Jan 22 22:07,,468901.0,Warning,Security event detected: Event ID 468901
137,Jan 22 22:00,,2147745921.0,Warning,Security event detected: Event ID 2147745921
138,Jan 22 21:10,,468900.0,Information,Security event detected: Event ID 468900
139,Jan 22 20:39,,468900.0,Information,Security event detected: Event ID 468900
140,Jan 22 15:11,,468900.0,Information,Security event detected: Event ID 468900
141,Jan 22 14:50,,2147498949.0,Warning,Security event detected: Event ID 2147498949
142,Jan 22 14:50,,2147498948.0,Warning,Security event detected: Event ID 2147498948
143,Jan 22 14:25,,2147498949.0,Warning,Security event detected: Event ID 2147498949
144,Jan 22 13:23,,468900.0,Information,Security event detected: Event ID 468900
145,Jan 22 13:23,,468901.0,Warning,Security event detected: Event ID 468901
146,Jan 22 13:21,,468900.0,Information,Security event detected: Event ID 468900
147,Jan 22 22:07,,468900.0,Information,Security event detected: Event ID 468900
148,Jan 22 22:07,,468901.0,Warning,Security event detected: Event ID 468901
149,Jan 22 22:00,,2147745921.0,Warning,Security event detected: Event ID 2147745921
150,Jan 22 21:10,,468900.0,Information,Security event detected: Event ID 468900
151,Jan 22 20:39,,468900.0,Information,Security event detected: Event ID 468900
152,Jan 22 15:11,,468900.0,Information,Security event detected: Event ID 468900
153,Jan 22 14:50,,2147498949.0,Warning,Security event detected: Event ID 2147498949
154,Jan 22 14:50,,2147498948.0,Warning,Security event detected: Event ID 2147498948
155,Jan 22 14:25,,2147498949.0,Warning,Security event detected: Event ID 2147498949
156,Jan 22 13:23,,468900.0,Information,Security event detected: Event ID 468900
157,Jan 22 13:23,,468901.0,Warning,Security event detected: Event ID 468901
158,Jan 22 13:21,,468900.0,Information,Security event detected: Event ID 468900
159,Jan 22 22:07,,468900.0,Information,Security event detected: Event ID 468900
160,Jan 22 22:07,,468901.0,Warning,Security event detected: Event ID 468901
161,Jan 22 22:00,,2147745921.0,Warning,Security event detected: Event ID 2147745921
162,Jan 22 21:10,,468900.0,Information,Security event detected: Event ID 468900
163,Jan 22 20:39,,468900.0,Information,Security event detected: Event ID 468900
164,Jan 22 15:11,,468900.0,Information,Security event detected: Event ID 468900
165,Jan 22 14:50,,2147498949.0,Warning,Security event detected: Event ID 2147498949
166,Jan 22 14:50,,2147498948.0,Warning,Security event detected: Event ID 2147498948
167,Jan 22 14:25,,2147498949.0,Warning,Security event detected: Event ID 2147498949
168,Jan 22 13:23,,468900.0,Information,Security event detected: Event ID 468900
169,Jan 22 13:23,,468901.0,Warning,Security event detected: Event ID 468901
170,Jan 22 13:21,,468900.0,Information,Security event detected: Event ID 468900
171,Jan 22 22:07,,468900.0,Information,Security event detected: Event ID 468900
172,Jan 22 22:07,,468901.0,Warning,Security event detected: Event ID 468901
173,Jan 22 22:00,,2147745921.0,Warning,Security event detected: Event ID 2147745921
174,Jan 22 21:10,,468900.0,Information,Security event detected: Event ID 468900
175,Jan 22 20:39,,468900.0,Information,Security event detected: Event ID 468900
176,Jan 22 15:11,,468900.0,Information,Security event detected: Event ID 468900
177,Jan 22 14:50,,2147498949.0,Warning,Security event detected: Event ID 2147498949
178,Jan 22 14:50,,2147498948.0,Warning,Security event detected: Event ID 2147498948
179,Jan 22 14:25,,2147498949.0,Warning,Security event detected: Event ID 2147498949
180,Jan 22 13:23,,468900.0,Information,Security event detected: Event ID 468900
181,Jan 22 13:23,,468901.0,Warning,Security event detected: Event ID 468901
182,Jan 22 13:21,,468900.0,Information,Security event detected: Event ID 468900
183,Jan 22 22:07,,468900.0,Information,Security event detected: Event ID 468900
184,Jan 22 22:07,,468901.0,Warning,Security event detected: Event ID 468901
185,Jan 22 22:00,,2147745921.0,Warning,Security event detected: Event ID 2147745921
186,Jan 22 21:10,,468900.0,Information,Security event detected: Event ID 468900
187,Jan 22 20:39,,468900.0,Information,Security event detected: Event ID 468900
188,Jan 22 15:11,,468900.0,Information,Security event detected: Event ID 468900
189,Jan 22 14:50,,2147498949.0,Warning,Security event detected: Event ID 2147498949
190,Jan 22 14:50,,2147498948.0,Warning,Security event detected: Event ID 2147498948
191,Jan 22 14:25,,2147498949.0,Warning,Security event detected: Event ID 2147498949
192,Jan 22 13:23,,468900.0,Information,Security event detected: Event ID 468900
193,Jan 22 13:23,,468901.0,Warning,Security event detected: Event ID 468901
194,Jan 22 13:21,,468900.0,Information,Security event detected: Event ID 468900
195,Jan 22 22:07,,468900.0,Information,Security event detected: Event ID 468900
196,Jan 22 22:07,,468901.0,Warning,Security event detected: Event ID 468901
197,Jan 22 22:00,,2147745921.0,Warning,Security event detected: Event ID 2147745921
198,Jan 22 21:10,,468900.0,Information,Security event detected: Event ID 468900
199,Jan 22 20:39,,468900.0,Information,Security event detected: Event ID 468900
200,Jan 22 15:11,,468900.0,Information,Security event detected: Event ID 468900
201,Jan 22 14:50,,2147498949.0,Warning,Security event detected: Event ID 2147498949
202,Jan 22 14:50,,2147498948.0,Warning,Security event detected: Event ID 2147498948
203,Jan 22 14:25,,2147498949.0,Warning,Security event detected: Event ID 2147498949
204,Jan 22 13:23,,468900.0,Information,Security event detected: Event ID 468900
205,Jan 22 13:23,,468901.0,Warning,Security event detected: Event ID 468901
206,Jan 22 13:21,,468900.0,Information,Security event detected: Event ID 468900
207,Jan 22 22:07,,468900.0,Information,Security event detected: Event ID 468900
208,Jan 22 22:07,,468901.0,Warning,Security event detected: Event ID 468901
209,Jan 22 22:00,,2147745921.0,Warning,Security event detected: Event ID 2147745921
210,Jan 22 21:10,,468900.0,Information,Security event detected: Event ID 468900
211,Jan 22 20:39,,468900.0,Information,Security event detected: Event ID 468900
212,Jan 22 15:11,,468900.0,Information,Security event detected: Event ID 468900
213,Jan 22 14:50,,2147498949.0,Warning,Security event detected: Event ID 2147498949
214,Jan 22 14:50,,2147498948.0,Warning,Security event detected: Event ID 2147498948
215,Jan 22 14:25,,2147498949.0,Warning,Security event detected: Event ID 2147498949
216,Jan 22 13:23,,468900.0,Information,Security event detected: Event ID 468900
217,Jan 22 13:23,,468901.0,Warning,Security event detected: Event ID 468901
218,Jan 22 13:21,,468900.0,Information,Security event detected: Event ID 468900
219,Jan 22 22:07,,468900.0,Information,Security event detected: Event ID 468900
220,Jan 22 22:07,,468901.0,Warning,Security event detected: Event ID 468901
221,Jan 22 22:00,,2147745921.0,Warning,Security event detected: Event ID 2147745921
222,Jan 22 21:10,,468900.0,Information,Security event detected: Event ID 468900
223,Jan 22 20:39,,468900.0,Information,Security event detected: Event ID 468900
224,Jan 22 15:11,,468900.0,Information,Security event detected: Event ID 468900
225,Jan 22 14:50,,2147498949.0,Warning,Security event detected: Event ID 2147498949
226,Jan 22 14:50,,2147498948.0,Warning,Security event detected: Event ID 2147498948
227,Jan 22 14:25,,2147498949.0,Warning,Security event detected: Event ID 2147498949
228,Jan 22 13:23,,468900.0,Information,Security event detected: Event ID 468900
229,Jan 22 13:23,,468901.0,Warning,Security event detected: Event ID 468901
230,Jan 22 13:21,,468900.0,Information,Security event detected: Event ID 468900
231,Jan 22 22:07,,468900.0,Information,Security event detected: Event ID 468900
232,Jan 22 22:07,,468901.0,Warning,Security event detected: Event ID 468901
233,Jan 22 22:00,,2147745921.0,Warning,Security event detected: Event ID 2147745921
234,Jan 22 21:10,,468900.0,Information,Security event detected: Event ID 468900
235,Jan 22 20:39,,468900.0,Information,Security event detected: Event ID 468900
236,Jan 22 15:11,,468900.0,Information,Security event detected: Event ID 468900
237,Jan 22 14:50,,2147498949.0,Warning,Security event detected: Event ID 2147498949
238,Jan 22 14:50,,2147498948.0,Warning,Security event detected: Event ID 2147498948
239,Jan 22 14:25,,2147498949.0,Warning,Security event detected: Event ID 2147498949
240,Jan 22 13:23,,468900.0,Information,Security event detected: Event ID 468900
241,Jan 22 13:23,,468901.0,Warning,Security event detected: Event ID 468901
242,Jan 22 13:21,,468900.0,Information,Security event detected: Event ID 468900
243,Jan 22 22:07,,468900.0,Information,Security event detected: Event ID 468900
244,Jan 22 22:07,,468901.0,Warning,Security event detected: Event ID 468901
245,Jan 22 22:00,,2147745921.0,Warning,Security event detected: Event ID 2147745921
246,Jan 22 21:10,,468900.0,Information,Security event detected: Event ID 468900
247,Jan 22 20:39,,468900.0,Information,Security event detected: Event ID 468900
248,Jan 22 15:11,,468900.0,Information,Security event detected: Event ID 468900
249,Jan 22 14:50,,2147498949.0,Warning,Security event detected: Event ID 2147498949
250,Jan 22 14:50,,2147498948.0,Warning,Security event detected: Event ID 2147498948
251,Jan 22 14:25,,2147498949.0,Warning,Security event detected: Event ID 2147498949
252,Jan 22 13:23,,468900.0,Information,Security event detected: Event ID 468900
253,Jan 22 13:23,,468901.0,Warning,Security event detected: Event ID 468901
254,Jan 22 13:21,,468900.0,Information,Security event detected: Event ID 468900
255,Jan 22 22:07,,468900.0,Information,Security event detected: Event ID 468900
256,Jan 22 22:07,,468901.0,Warning,Security event detected: Event ID 468901
257,Jan 22 22:00,,2147745921.0,Warning,Security event detected: Event ID 2147745921
258,Jan 22 21:10,,468900.0,Information,Security event detected: Event ID 468900
259,Jan 22 20:39,,468900.0,Information,Security event detected: Event ID 468900
260,Jan 22 15:11,,468900.0,Information,Security event detected: Event ID 468900
261,Jan 22 14:50,,2147498949.0,Warning,Security event detected: Event ID 2147498949
262,Jan 22 14:50,,2147498948.0,Warning,Security event detected: Event ID 2147498948
263,Jan 22 14:25,,2147498949.0,Warning,Security event detected: Event ID 2147498949
264,Jan 22 13:23,,468900.0,Information,Security event detected: Event ID 468900
265,Jan 22 13:23,,468901.0,Warning,Security event detected: Event ID 468901
266,Jan 22 13:21,,468900.0,Information,Security event detected: Event ID 468900
267,2025-04-23 01:50:51,,7036.0,Info,Unexpected service state change.
268,2025-04-23 01:51:16,,7036.0,Info,Unexpected service state change.
269,2025-04-23 02:05:49,,7036.0,Info,Unexpected service state change.
270,2025-04-23 02:05:54,,7036.0,Info,Unexpected service state change.
271,2025-04-23 01:50:46,,4672.0,Medium,Privileged access used.
272,2025-04-23 02:05:14,,4672.0,Medium,Privileged access used.
273,2025-04-23 02:05:24,,4672.0,Medium,Privileged access used.
274,2025-04-23 02:05:24,,4672.0,Medium,Privileged access used.
275,2025-04-23 02:05:29,,4672.0,Medium,Privileged access used.
276,2025-04-23 02:05:39,,4672.0,Medium,Privileged access used.
277,2025-04-23 02:05:44,,4672.0,Medium,Privileged access used.
278,2025-04-23 02:19:04,,4672.0,Medium,Privileged access used.
279,2025-04-23 02:19:09,,4672.0,Medium,Privileged access used.
280,2025-04-23 02:19:14,,4672.0,Medium,Privileged access used.
281,2025-04-23 02:19:19,,4672.0,Medium,Privileged access used.
282,2025-04-23 02:19:24,,4672.0,Medium,Privileged access used.
283,2025-04-23 02:19:34,,4672.0,Medium,Privileged access used.
284,2025-04-23 02:23:56,,4672.0,Medium,Privileged access used.
285,2025-04-23 02:24:01,,4672.0,Medium,Privileged access used.
286,2025-04-23 02:24:21,,4672.0,Medium,Privileged access used.
287,2025-04-23 02:27:08,,4672.0,Medium,Privileged access used.
288,2025-04-23 02:27:21,,4672.0,Medium,Privileged access used.
289,2025-04-23 02:27:41,,4672.0,Medium,Privileged access used.
290,2025-04-23 02:27:42,,4672.0,Medium,Privileged access used.
291,2025-04-23 02:27:47,,4672.0,Medium,Privileged access used.
292,2025-04-23 02:27:48,,4672.0,Medium,Privileged access used.
293,2025-04-23 02:27:56,,4672.0,Medium,Privileged access used.
294,2025-04-23 02:28:00,,4672.0,Medium,Privileged access used.
295,2025-04-23 02:28:02,,4672.0,Medium,Privileged access used.
296,2025-04-23 02:28:11,,4672.0,Medium,Privileged access used.
297,2025-04-23 02:28:12,,4672.0,Medium,Privileged access used.
298,2025-04-23 02:28:15,,4672.0,Medium,Privileged access used.
299,2025-04-23 02:28:35,,4672.0,Medium,Privileged access used.
300,2025-04-23 01:50:46,,4672.0,Medium,Privileged access used.
301,2025-04-23 02:05:14,,4672.0,Medium,Privileged access used.
302,2025-04-23 02:05:24,,4672.0,Medium,Privileged access used.
303,2025-04-23 02:05:24,,4672.0,Medium,Privileged access used.
304,2025-04-23 02:05:29,,4672.0,Medium,Privileged access used.
305,2025-04-23 02:05:39,,4672.0,Medium,Privileged access used.
306,2025-04-23 02:05:44,,4672.0,Medium,Privileged access used.
307,2025-04-23 02:19:04,,4672.0,Medium,Privileged access used.
308,2025-04-23 02:19:09,,4672.0,Medium,Privileged access used.
309,2025-04-23 02:19:14,,4672.0,Medium,Privileged access used.
310,2025-04-23 02:19:19,,4672.0,Medium,Privileged access used.
311,2025-04-23 02:19:24,,4672.0,Medium,Privileged access used.
312,2025-04-23 02:19:34,,4672.0,Medium,Privileged access used.
313,2025-04-23 02:23:56,,4672.0,Medium,Privileged access used.
314,2025-04-23 02:24:01,,4672.0,Medium,Privileged access used.
315,2025-04-23 02:24:21,,4672.0,Medium,Privileged access used.
316,2025-04-23 02:27:08,,4672.0,Medium,Privileged access used.
317,2025-04-23 02:27:21,,4672.0,Medium,Privileged access used.
318,2025-04-23 02:27:41,,4672.0,Medium,Privileged access used.
319,2025-04-23 02:27:42,,4672.0,Medium,Privileged access used.
320,2025-04-23 02:27:47,,4672.0,Medium,Privileged access used.
321,2025-04-23 02:27:48,,4672.0,Medium,Privileged access used.
322,2025-04-23 02:27:56,,4672.0,Medium,Privileged access used.
323,2025-04-23 02:28:00,,4672.0,Medium,Privileged access used.
324,2025-04-23 02:28:02,,4672.0,Medium,Privileged access used.
325,2025-04-23 02:28:11,,4672.0,Medium,Privileged access used.
326,2025-04-23 02:28:12,,4672.0,Medium,Privileged access used.
327,2025-04-23 02:28:15,,4672.0,Medium,Privileged access used.
328,2025-04-23 02:28:35,,4672.0,Medium,Privileged access used.
329,2025-04-23 02:51:19,,4672.0,Medium,Privileged access used.
330,2025-04-23 02:51:24,,4672.0,Medium,Privileged access used.
331,2025-04-23 02:51:34,,4672.0,Medium,Privileged access used.
332,2025-04-23 02:51:34,,4672.0,Medium,Privileged access used.
333,2025-04-23 02:51:34,,4672.0,Medium,Privileged access used.
334,2025-04-23 02:51:44,,4672.0,Medium,Privileged access used.
335,2025-04-23 02:51:59,,4672.0,Medium,Privileged access used.
336,2025-04-23 01:50:46,,4672.0,Medium,Privileged access used.
337,2025-04-23 02:05:14,,4672.0,Medium,Privileged access used.
338,2025-04-23 02:05:24,,4672.0,Medium,Privileged access used.
339,2025-04-23 02:05:24,,4672.0,Medium,Privileged access used.
340,2025-04-23 02:05:29,,4672.0,Medium,Privileged access used.
341,2025-04-23 02:05:39,,4672.0,Medium,Privileged access used.
342,2025-04-23 02:05:44,,4672.0,Medium,Privileged access used.
343,2025-04-23 02:19:04,,4672.0,Medium,Privileged access used.
344,2025-04-23 02:19:09,,4672.0,Medium,Privileged access used.
345,2025-04-23 02:19:14,,4672.0,Medium,Privileged access used.
346,2025-04-23 02:19:19,,4672.0,Medium,Privileged access used.
347,2025-04-23 02:19:24,,4672.0,Medium,Privileged access used.
348,2025-04-23 02:19:34,,4672.0,Medium,Privileged access used.
349,2025-04-23 02:23:56,,4672.0,Medium,Privileged access used.
350,2025-04-23 02:24:01,,4672.0,Medium,Privileged access used.
351,2025-04-23 02:24:21,,4672.0,Medium,Privileged access used.
352,2025-04-23 02:27:08,,4672.0,Medium,Privileged access used.
353,2025-04-23 02:27:21,,4672.0,Medium,Privileged access used.
354,2025-04-23 02:27:41,,4672.0,Medium,Privileged access used.
355,2025-04-23 02:27:42,,4672.0,Medium,Privileged access used.
356,2025-04-23 02:27:47,,4672.0,Medium,Privileged access used.
357,2025-04-23 02:27:48,,4672.0,Medium,Privileged access used.
358,2025-04-23 02:27:56,,4672.0,Medium,Privileged access used.
359,2025-04-23 02:28:00,,4672.0,Medium,Privileged access used.
360,2025-04-23 02:28:02,,4672.0,Medium,Privileged access used.
361,2025-04-23 02:28:11,,4672.0,Medium,Privileged access used.
362,2025-04-23 02:28:12,,4672.0,Medium,Privileged access used.
363,2025-04-23 02:28:15,,4672.0,Medium,Privileged access used.
364,2025-04-23 02:28:35,,4672.0,Medium,Privileged access used.
365,2025-04-23 02:51:19,,4672.0,Medium,Privileged access used.
366,2025-04-23 02:51:24,,4672.0,Medium,Privileged access used.
367,2025-04-23 02:51:34,,4672.0,Medium,Privileged access used.
368,2025-04-23 02:51:34,,4672.0,Medium,Privileged access used.
369,2025-04-23 02:51:34,,4672.0,Medium,Privileged access used.
370,2025-04-23 02:51:44,,4672.0,Medium,Privileged access used.
371,2025-04-23 02:51:59,,4672.0,Medium,Privileged access used.
372,2025-04-23 02:54:03,,4672.0,Medium,Privileged access used.
373,2025-04-23 02:54:19,,4672.0,Medium,Privileged access used.
374,2025-04-23 02:54:23,,4672.0,Medium,Privileged access used.
375,2025-04-23 02:54:26,,4672.0,Medium,Privileged access used.
376,2025-04-23 02:54:38,,4672.0,Medium,Privileged access used.
377,2025-04-23 02:56:10,,4672.0,Medium,Privileged access used.
378,2025-04-23 01:50:46,,4672.0,Medium,Privileged access used.
379,2025-04-23 02:05:14,,4672.0,Medium,Privileged access used.
380,2025-04-23 02:05:24,,4672.0,Medium,Privileged access used.
381,2025-04-23 02:05:24,,4672.0,Medium,Privileged access used.
382,2025-04-23 02:05:29,,4672.0,Medium,Privileged access used.
383,2025-04-23 02:05:39,,4672.0,Medium,Privileged access used.
384,2025-04-23 02:05:44,,4672.0,Medium,Privileged access used.
385,2025-04-23 02:19:04,,4672.0,Medium,Privileged access used.
386,2025-04-23 02:19:09,,4672.0,Medium,Privileged access used.
387,2025-04-23 02:19:14,,4672.0,Medium,Privileged access used.
388,2025-04-23 02:19:19,,4672.0,Medium,Privileged access used.
389,2025-04-23 02:19:24,,4672.0,Medium,Privileged access used.
390,2025-04-23 02:19:34,,4672.0,Medium,Privileged access used.
391,2025-04-23 02:23:56,,4672.0,Medium,Privileged access used.
392,2025-04-23 02:24:01,,4672.0,Medium,Privileged access used.
393,2025-04-23 02:24:21,,4672.0,Medium,Privileged access used.
394,2025-04-23 02:27:08,,4672.0,Medium,Privileged access used.
395,2025-04-23 02:27:21,,4672.0,Medium,Privileged access used.
396,2025-04-23 02:27:41,,4672.0,Medium,Privileged access used.
397,2025-04-23 02:27:42,,4672.0,Medium,Privileged access used.
398,2025-04-23 02:27:47,,4672.0,Medium,Privileged access used.
399,2025-04-23 02:27:48,,4672.0,Medium,Privileged access used.
400,2025-04-23 02:27:56,,4672.0,Medium,Privileged access used.
401,2025-04-23 02:28:00,,4672.0,Medium,Privileged access used.
402,2025-04-23 02:28:02,,4672.0,Medium,Privileged access used.
403,2025-04-23 02:28:11,,4672.0,Medium,Privileged access used.
404,2025-04-23 02:28:12,,4672.0,Medium,Privileged access used.
405,2025-04-23 02:28:15,,4672.0,Medium,Privileged access used.
406,2025-04-23 02:28:35,,4672.0,Medium,Privileged access used.
407,2025-04-23 02:51:19,,4672.0,Medium,Privileged access used.
408,2025-04-23 02:51:24,,4672.0,Medium,Privileged access used.
409,2025-04-23 02:51:34,,4672.0,Medium,Privileged access used.
410,2025-04-23 02:51:34,,4672.0,Medium,Privileged access used.
411,2025-04-23 02:51:34,,4672.0,Medium,Privileged access used.
412,2025-04-23 02:51:44,,4672.0,Medium,Privileged access used.
413,2025-04-23 02:51:59,,4672.0,Medium,Privileged access used.
414,2025-04-23 02:54:03,,4672.0,Medium,Privileged access used.
415,2025-04-23 02:54:19,,4672.0,Medium,Privileged access used.
416,2025-04-23 02:54:23,,4672.0,Medium,Privileged access used.
417,2025-04-23 02:54:26,,4672.0,Medium,Privileged access used.
418,2025-04-23 02:54:38,,4672.0,Medium,Privileged access used.
419,2025-04-23 02:56:10,,4672.0,Medium,Privileged access used.
420,2025-04-23 01:50:46,,4672.0,Medium,Privileged access used.
421,2025-04-23 02:05:14,,4672.0,Medium,Privileged access used.
422,2025-04-23 02:05:24,,4672.0,Medium,Privileged access used.
423,2025-04-23 02:05:24,,4672.0,Medium,Privileged access used.
424,2025-04-23 02:05:29,,4672.0,Medium,Privileged access used.
425,2025-04-23 02:05:39,,4672.0,Medium,Privileged access used.
426,2025-04-23 02:05:44,,4672.0,Medium,Privileged access used.
427,2025-04-23 02:19:04,,4672.0,Medium,Privileged access used.
428,2025-04-23 02:19:09,,4672.0,Medium,Privileged access used.
429,2025-04-23 02:19:14,,4672.0,Medium,Privileged access used.
430,2025-04-23 02:19:19,,4672.0,Medium,Privileged access used.
431,2025-04-23 02:19:24,,4672.0,Medium,Privileged access used.
432,2025-04-23 02:19:34,,4672.0,Medium,Privileged access used.
433,2025-04-23 02:23:56,,4672.0,Medium,Privileged access used.
434,2025-04-23 02:24:01,,4672.0,Medium,Privileged access used.
435,2025-04-23 02:24:21,,4672.0,Medium,Privileged access used.
436,2025-04-23 02:27:08,,4672.0,Medium,Privileged access used.
437,2025-04-23 02:27:21,,4672.0,Medium,Privileged access used.
438,2025-04-23 02:27:41,,4672.0,Medium,Privileged access used.
439,2025-04-23 02:27:42,,4672.0,Medium,Privileged access used.
440,2025-04-23 02:27:47,,4672.0,Medium,Privileged access used.
441,2025-04-23 02:27:48,,4672.0,Medium,Privileged access used.
442,2025-04-23 02:27:56,,4672.0,Medium,Privileged access used.
443,2025-04-23 02:28:00,,4672.0,Medium,Privileged access used.
444,2025-04-23 02:28:02,,4672.0,Medium,Privileged access used.
445,2025-04-23 02:28:11,,4672.0,Medium,Privileged access used.
446,2025-04-23 02:28:12,,4672.0,Medium,Privileged access used.
447,2025-04-23 02:28:15,,4672.0,Medium,Privileged access used.
448,2025-04-23 02:28:35,,4672.0,Medium,Privileged access used.
449,2025-04-23 02:51:19,,4672.0,Medium,Privileged access used.
450,2025-04-23 02:51:24,,4672.0,Medium,Privileged access used.
451,2025-04-23 02:51:34,,4672.0,Medium,Privileged access used.
452,2025-04-23 02:51:34,,4672.0,Medium,Privileged access used.
453,2025-04-23 02:51:34,,4672.0,Medium,Privileged access used.
454,2025-04-23 02:51:44,,4672.0,Medium,Privileged access used.
455,2025-04-23 02:51:59,,4672.0,Medium,Privileged access used.
456,2025-04-23 02:54:03,,4672.0,Medium,Privileged access used.
457,2025-04-23 02:54:19,,4672.0,Medium,Privileged access used.
458,2025-04-23 02:54:23,,4672.0,Medium,Privileged access used.
459,2025-04-23 02:54:26,,4672.0,Medium,Privileged access used.
460,2025-04-23 02:54:38,,4672.0,Medium,Privileged access used.
461,2025-04-23 02:56:10,,4672.0,Medium,Privileged access used.
462,2025-04-23 01:50:46,,4672.0,Medium,Privileged access used.
463,2025-04-23 02:05:14,,4672.0,Medium,Privileged access used.
464,2025-04-23 02:05:24,,4672.0,Medium,Privileged access used.
465,2025-04-23 02:05:24,,4672.0,Medium,Privileged access used.
466,2025-04-23 02:05:29,,4672.0,Medium,Privileged access used.
467,2025-04-23 02:05:39,,4672.0,Medium,Privileged access used.
468,2025-04-23 02:05:44,,4672.0,Medium,Privileged access used.
469,2025-04-23 02:19:04,,4672.0,Medium,Privileged access used.
470,2025-04-23 02:19:09,,4672.0,Medium,Privileged access used.
471,2025-04-23 02:19:14,,4672.0,Medium,Privileged access used.
472,2025-04-23 02:19:19,,4672.0,Medium,Privileged access used.
473,2025-04-23 02:19:24,,4672.0,Medium,Privileged access used.
474,2025-04-23 02:19:34,,4672.0,Medium,Privileged access used.
475,2025-04-23 02:23:56,,4672.0,Medium,Privileged access used.
476,2025-04-23 02:24:01,,4672.0,Medium,Privileged access used.
477,2025-04-23 02:24:21,,4672.0,Medium,Privileged access used.
478,2025-04-23 02:27:08,,4672.0,Medium,Privileged access used.
479,2025-04-23 02:27:21,,4672.0,Medium,Privileged access used.
480,2025-04-23 02:27:41,,4672.0,Medium,Privileged access used.
481,2025-04-23 02:27:42,,4672.0,Medium,Privileged access used.
482,2025-04-23 02:27:47,,4672.0,Medium,Privileged access used.
483,2025-04-23 02:27:48,,4672.0,Medium,Privileged access used.
484,2025-04-23 02:27:56,,4672.0,Medium,Privileged access used.
485,2025-04-23 02:28:00,,4672.0,Medium,Privileged access used.
486,2025-04-23 02:28:02,,4672.0,Medium,Privileged access used.
487,2025-04-23 02:28:11,,4672.0,Medium,Privileged access used.
488,2025-04-23 02:28:12,,4672.0,Medium,Privileged access used.
489,2025-04-23 02:28:15,,4672.0,Medium,Privileged access used.
490,2025-04-23 02:28:35,,4672.0,Medium,Privileged access used.
491,2025-04-23 02:51:19,,4672.0,Medium,Privileged access used.
492,2025-04-23 02:51:24,,4672.0,Medium,Privileged access used.
493,2025-04-23 02:51:34,,4672.0,Medium,Privileged access used.
494,2025-04-23 02:51:34,,4672.0,Medium,Privileged access used.
495,2025-04-23 02:51:34,,4672.0,Medium,Privileged access used.
496,2025-04-23 02:51:44,,4672.0,Medium,Privileged access used.
497,2025-04-23 02:51:59,,4672.0,Medium,Privileged access used.
498,2025-04-23 02:54:03,,4672.0,Medium,Privileged access used.
499,2025-04-23 02:54:19,,4672.0,Medium,Privileged access used.
500,2025-04-23 02:54:23,,4672.0,Medium,Privileged access used.
501,2025-04-23 02:54:26,,4672.0,Medium,Privileged access used.
502,2025-04-23 02:54:38,,4672.0,Medium,Privileged access used.
503,2025-04-23 02:56:10,,4672.0,Medium,Privileged access used.
504,2025-04-23 03:04:10,,4672.0,Medium,Privileged access used.
505,2025-04-23 03:04:15,,4672.0,Medium,Privileged access used.
506,2025-04-23 03:04:20,,4672.0,Medium,Privileged access used.
507,2025-04-23 03:04:31,,4672.0,Medium,Privileged access used.
508,2025-04-23 03:04:40,,4672.0,Medium,Privileged access used.
509,2025-04-23 03:04:46,,4672.0,Medium,Privileged access used.
510,2025-04-23 03:04:56,,4672.0,Medium,Privileged access used.
511,2025-04-23 01:50:46,,4672.0,Medium,Privileged access used.
512,2025-04-23 02:05:14,,4672.0,Medium,Privileged access used.
513,2025-04-23 02:05:24,,4672.0,Medium,Privileged access used.
514,2025-04-23 02:05:24,,4672.0,Medium,Privileged access used.
515,2025-04-23 02:05:29,,4672.0,Medium,Privileged access used.
516,2025-04-23 02:05:39,,4672.0,Medium,Privileged access used.
517,2025-04-23 02:05:44,,4672.0,Medium,Privileged access used.
518,2025-04-23 02:19:04,,4672.0,Medium,Privileged access used.
519,2025-04-23 02:19:09,,4672.0,Medium,Privileged access used.
520,2025-04-23 02:19:14,,4672.0,Medium,Privileged access used.
521,2025-04-23 02:19:19,,4672.0,Medium,Privileged access used.
522,2025-04-23 02:19:24,,4672.0,Medium,Privileged access used.
523,2025-04-23 02:19:34,,4672.0,Medium,Privileged access used.
524,2025-04-23 02:23:56,,4672.0,Medium,Privileged access used.
525,2025-04-23 02:24:01,,4672.0,Medium,Privileged access used.
526,2025-04-23 02:24:21,,4672.0,Medium,Privileged access used.
527,2025-04-23 02:27:08,,4672.0,Medium,Privileged access used.
528,2025-04-23 02:27:21,,4672.0,Medium,Privileged access used.
529,2025-04-23 02:27:41,,4672.0,Medium,Privileged access used.
530,2025-04-23 02:27:42,,4672.0,Medium,Privileged access used.
531,2025-04-23 02:27:47,,4672.0,Medium,Privileged access used.
532,2025-04-23 02:27:48,,4672.0,Medium,Privileged access used.
533,2025-04-23 02:27:56,,4672.0,Medium,Privileged access used.
534,2025-04-23 02:28:00,,4672.0,Medium,Privileged access used.
535,2025-04-23 02:28:02,,4672.0,Medium,Privileged access used.
536,2025-04-23 02:28:11,,4672.0,Medium,Privileged access used.
537,2025-04-23 02:28:12,,4672.0,Medium,Privileged access used.
538,2025-04-23 02:28:15,,4672.0,Medium,Privileged access used.
539,2025-04-23 02:28:35,,4672.0,Medium,Privileged access used.
540,2025-04-23 02:51:19,,4672.0,Medium,Privileged access used.
541,2025-04-23 02:51:24,,4672.0,Medium,Privileged access used.
542,2025-04-23 02:51:34,,4672.0,Medium,Privileged access used.
543,2025-04-23 02:51:34,,4672.0,Medium,Privileged access used.
544,2025-04-23 02:51:34,,4672.0,Medium,Privileged access used.
545,2025-04-23 02:51:44,,4672.0,Medium,Privileged access used.
546,2025-04-23 02:51:59,,4672.0,Medium,Privileged access used.
547,2025-04-23 02:54:03,,4672.0,Medium,Privileged access used.
548,2025-04-23 02:54:19,,4672.0,Medium,Privileged access used.
549,2025-04-23 02:54:23,,4672.0,Medium,Privileged access used.
550,2025-04-23 02:54:26,,4672.0,Medium,Privileged access used.
551,2025-04-23 02:54:38,,4672.0,Medium,Privileged access used.
552,2025-04-23 02:56:10,,4672.0,Medium,Privileged access used.
553,2025-04-23 03:04:10,,4672.0,Medium,Privileged access used.
554,2025-04-23 03:04:15,,4672.0,Medium,Privileged access used.
555,2025-04-23 03:04:20,,4672.0,Medium,Privileged access used.
556,2025-04-23 03:04:31,,4672.0,Medium,Privileged access used.
557,2025-04-23 03:04:40,,4672.0,Medium,Privileged access used.
558,2025-04-23 03:04:46,,4672.0,Medium,Privileged access used.
559,2025-04-23 03:04:56,,4672.0,Medium,Privileged access used.
560,2025-04-23 01:50:46,,4672.0,Medium,Privileged access used.
561,2025-04-23 02:05:14,,4672.0,Medium,Privileged access used.
562,2025-04-23 02:05:24,,4672.0,Medium,Privileged access used.
563,2025-04-23 02:05:24,,4672.0,Medium,Privileged access used.
564,2025-04-23 02:05:29,,4672.0,Medium,Privileged access used.
565,2025-04-23 02:05:39,,4672.0,Medium,Privileged access used.
566,2025-04-23 02:05:44,,4672.0,Medium,Privileged access used.
567,2025-04-23 02:19:04,,4672.0,Medium,Privileged access used.
568,2025-04-23 02:19:09,,4672.0,Medium,Privileged access used.
569,2025-04-23 02:19:14,,4672.0,Medium,Privileged access used.
570,2025-04-23 02:19:19,,4672.0,Medium,Privileged access used.
571,2025-04-23 02:19:24,,4672.0,Medium,Privileged access used.
572,2025-04-23 02:19:34,,4672.0,Medium,Privileged access used.
573,2025-04-23 02:23:56,,4672.0,Medium,Privileged access used.
574,2025-04-23 02:24:01,,4672.0,Medium,Privileged access used.
575,2025-04-23 02:24:21,,4672.0,Medium,Privileged access used.
576,2025-04-23 02:27:08,,4672.0,Medium,Privileged access used.
577,2025-04-23 02:27:21,,4672.0,Medium,Privileged access used.
578,2025-04-23 02:27:41,,4672.0,Medium,Privileged access used.
579,2025-04-23 02:27:42,,4672.0,Medium,Privileged access used.
580,2025-04-23 02:27:47,,4672.0,Medium,Privileged access used.
581,2025-04-23 02:27:48,,4672.0,Medium,Privileged access used.
582,2025-04-23 02:27:56,,4672.0,Medium,Privileged access used.
583,2025-04-23 02:28:00,,4672.0,Medium,Privileged access used.
584,2025-04-23 02:28:02,,4672.0,Medium,Privileged access used.
585,2025-04-23 02:28:11,,4672.0,Medium,Privileged access used.
586,2025-04-23 02:28:12,,4672.0,Medium,Privileged access used.
587,2025-04-23 02:28:15,,4672.0,Medium,Privileged access used.
588,2025-04-23 02:28:35,,4672.0,Medium,Privileged access used.
589,2025-04-23 02:51:19,,4672.0,Medium,Privileged access used.
590,2025-04-23 02:51:24,,4672.0,Medium,Privileged access used.
591,2025-04-23 02:51:34,,4672.0,Medium,Privileged access used.
592,2025-04-23 02:51:34,,4672.0,Medium,Privileged access used.
593,2025-04-23 02:51:34,,4672.0,Medium,Privileged access used.
594,2025-04-23 02:51:44,,4672.0,Medium,Privileged access used.
595,2025-04-23 02:51:59,,4672.0,Medium,Privileged access used.
596,2025-04-23 02:54:03,,4672.0,Medium,Privileged access used.
597,2025-04-23 02:54:19,,4672.0,Medium,Privileged access used.
598,2025-04-23 02:54:23,,4672.0,Medium,Privileged access used.
599,2025-04-23 02:54:26,,4672.0,Medium,Privileged access used.
600,2025-04-23 02:54:38,,4672.0,Medium,Privileged access used.
601,2025-04-23 02:56:10,,4672.0,Medium,Privileged access used.
602,2025-04-23 03:04:10,,4672.0,Medium,Privileged access used.
603,2025-04-23 03:04:15,,4672.0,Medium,Privileged access used.
604,2025-04-23 03:04:20,,4672.0,Medium,Privileged access used.
605,2025-04-23 03:04:31,,4672.0,Medium,Privileged access used.
606,2025-04-23 03:04:40,,4672.0,Medium,Privileged access used.
607,2025-04-23 03:04:46,,4672.0,Medium,Privileged access used.
608,2025-04-23 03:04:56,,4672.0,Medium,Privileged access used.
609,2025-04-23 03:10:33,,4672.0,Medium,Privileged access used.
610,2025-04-23 03:10:34,,4672.0,Medium,Privileged access used.
611,2025-04-23 03:10:49,,4672.0,Medium,Privileged access used.
612,2025-04-23 03:11:04,,4672.0,Medium,Privileged access used.
613,2025-04-23 03:11:08,,4672.0,Medium,Privileged access used.
614,2025-04-23 01:50:46,,4672.0,Medium,Privileged access used.
615,2025-04-23 02:05:14,,4672.0,Medium,Privileged access used.
616,2025-04-23 02:05:24,,4672.0,Medium,Privileged access used.
617,2025-04-23 02:05:24,,4672.0,Medium,Privileged access used.
618,2025-04-23 02:05:29,,4672.0,Medium,Privileged access used.
619,2025-04-23 02:05:39,,4672.0,Medium,Privileged access used.
620,2025-04-23 02:05:44,,4672.0,Medium,Privileged access used.
621,2025-04-23 02:19:04,,4672.0,Medium,Privileged access used.
622,2025-04-23 02:19:09,,4672.0,Medium,Privileged access used.
623,2025-04-23 02:19:14,,4672.0,Medium,Privileged access used.
624,2025-04-23 02:19:19,,4672.0,Medium,Privileged access used.
625,2025-04-23 02:19:24,,4672.0,Medium,Privileged access used.
626,2025-04-23 02:19:34,,4672.0,Medium,Privileged access used.
627,2025-04-23 02:23:56,,4672.0,Medium,Privileged access used.
628,2025-04-23 02:24:01,,4672.0,Medium,Privileged access used.
629,2025-04-23 02:24:21,,4672.0,Medium,Privileged access used.
630,2025-04-23 02:27:08,,4672.0,Medium,Privileged access used.
631,2025-04-23 02:27:21,,4672.0,Medium,Privileged access used.
632,2025-04-23 02:27:41,,4672.0,Medium,Privileged access used.
633,2025-04-23 02:27:42,,4672.0,Medium,Privileged access used.
634,2025-04-23 02:27:47,,4672.0,Medium,Privileged access used.
635,2025-04-23 02:27:48,,4672.0,Medium,Privileged access used.
636,2025-04-23 02:27:56,,4672.0,Medium,Privileged access used.
637,2025-04-23 02:28:00,,4672.0,Medium,Privileged access used.
638,2025-04-23 02:28:02,,4672.0,Medium,Privileged access used.
639,2025-04-23 02:28:11,,4672.0,Medium,Privileged access used.
640,2025-04-23 02:28:12,,4672.0,Medium,Privileged access used.
641,2025-04-23 02:28:15,,4672.0,Medium,Privileged access used.
642,2025-04-23 02:28:35,,4672.0,Medium,Privileged access used.
643,2025-04-23 02:51:19,,4672.0,Medium,Privileged access used.
644,2025-04-23 02:51:24,,4672.0,Medium,Privileged access used.
645,2025-04-23 02:51:34,,4672.0,Medium,Privileged access used.
646,2025-04-23 02:51:34,,4672.0,Medium,Privileged access used.
647,2025-04-23 02:51:34,,4672.0,Medium,Privileged access used.
648,2025-04-23 02:51:44,,4672.0,Medium,Privileged access used.
649,2025-04-23 02:51:59,,4672.0,Medium,Privileged access used.
650,2025-04-23 02:54:03,,4672.0,Medium,Privileged access used.
651,2025-04-23 02:54:19,,4672.0,Medium,Privileged access used.
652,2025-04-23 02:54:23,,4672.0,Medium,Privileged access used.
653,2025-04-23 02:54:26,,4672.0,Medium,Privileged access used.
654,2025-04-23 02:54:38,,4672.0,Medium,Privileged access used.
655,2025-04-23 02:56:10,,4672.0,Medium,Privileged access used.
656,2025-04-23 03:04:10,,4672.0,Medium,Privileged access used.
657,2025-04-23 03:04:15,,4672.0,Medium,Privileged access used.
658,2025-04-23 03:04:20,,4672.0,Medium,Privileged access used.
659,2025-04-23 03:04:31,,4672.0,Medium,Privileged access used.
660,2025-04-23 03:04:40,,4672.0,Medium,Privileged access used.
661,2025-04-23 03:04:46,,4672.0,Medium,Privileged access used.
662,2025-04-23 03:04:56,,4672.0,Medium,Privileged access used.
663,2025-04-23 03:10:33,,4672.0,Medium,Privileged access used.
664,2025-04-23 03:10:34,,4672.0,Medium,Privileged access used.
665,2025-04-23 03:10:49,,4672.0,Medium,Privileged access used.
666,2025-04-23 03:11:04,,4672.0,Medium,Privileged access used.
667,2025-04-23 03:11:08,,4672.0,Medium,Privileged access used.
668,2025-04-23 01:50:46,,4672.0,Medium,Privileged access used.
669,2025-04-23 02:05:14,,4672.0,Medium,Privileged access used.
670,2025-04-23 02:05:24,,4672.0,Medium,Privileged access used.
671,2025-04-23 02:05:24,,4672.0,Medium,Privileged access used.
672,2025-04-23 02:05:29,,4672.0,Medium,Privileged access used.
673,2025-04-23 02:05:39,,4672.0,Medium,Privileged access used.
674,2025-04-23 02:05:44,,4672.0,Medium,Privileged access used.
675,2025-04-23 02:19:04,,4672.0,Medium,Privileged access used.
676,2025-04-23 02:19:09,,4672.0,Medium,Privileged access used.
677,2025-04-23 02:19:14,,4672.0,Medium,Privileged access used.
678,2025-04-23 02:19:19,,4672.0,Medium,Privileged access used.
679,2025-04-23 02:19:24,,4672.0,Medium,Privileged access used.
680,2025-04-23 02:19:34,,4672.0,Medium,Privileged access used.
681,2025-04-23 02:23:56,,4672.0,Medium,Privileged access used.
682,2025-04-23 02:24:01,,4672.0,Medium,Privileged access used.
683,2025-04-23 02:24:21,,4672.0,Medium,Privileged access used.
684,2025-04-23 02:27:08,,4672.0,Medium,Privileged access used.
685,2025-04-23 02:27:21,,4672.0,Medium,Privileged access used.
686,2025-04-23 02:27:41,,4672.0,Medium,Privileged access used.
687,2025-04-23 02:27:42,,4672.0,Medium,Privileged access used.
688,2025-04-23 02:27:47,,4672.0,Medium,Privileged access used.
689,2025-04-23 02:27:48,,4672.0,Medium,Privileged access used.
690,2025-04-23 02:27:56,,4672.0,Medium,Privileged access used.
691,2025-04-23 02:28:00,,4672.0,Medium,Privileged access used.
692,2025-04-23 02:28:02,,4672.0,Medium,Privileged access used.
693,2025-04-23 02:28:11,,4672.0,Medium,Privileged access used.
694,2025-04-23 02:28:12,,4672.0,Medium,Privileged access used.
695,2025-04-23 02:28:15,,4672.0,Medium,Privileged access used.
696,2025-04-23 02:28:35,,4672.0,Medium,Privileged access used.
697,2025-04-23 02:51:19,,4672.0,Medium,Privileged access used.
698,2025-04-23 02:51:24,,4672.0,Medium,Privileged access used.
699,2025-04-23 02:51:34,,4672.0,Medium,Privileged access used.
700,2025-04-23 02:51:34,,4672.0,Medium,Privileged access used.
701,2025-04-23 02:51:34,,4672.0,Medium,Privileged access used.
702,2025-04-23 02:51:44,,4672.0,Medium,Privileged access used.
703,2025-04-23 02:51:59,,4672.0,Medium,Privileged access used.
704,2025-04-23 02:54:03,,4672.0,Medium,Privileged access used.
705,2025-04-23 02:54:19,,4672.0,Medium,Privileged access used.
706,2025-04-23 02:54:23,,4672.0,Medium,Privileged access used.
707,2025-04-23 02:54:26,,4672.0,Medium,Privileged access used.
708,2025-04-23 02:54:38,,4672.0,Medium,Privileged access used.
709,2025-04-23 02:56:10,,4672.0,Medium,Privileged access used.
710,2025-04-23 03:04:10,,4672.0,Medium,Privileged access used.
711,2025-04-23 03:04:15,,4672.0,Medium,Privileged access used.
712,2025-04-23 03:04:20,,4672.0,Medium,Privileged access used.
713,2025-04-23 03:04:31,,4672.0,Medium,Privileged access used.
714,2025-04-23 03:04:40,,4672.0,Medium,Privileged access used.
715,2025-04-23 03:04:46,,4672.0,Medium,Privileged access used.
716,2025-04-23 03:04:56,,4672.0,Medium,Privileged access used.
717,2025-04-23 03:10:33,,4672.0,Medium,Privileged access used.
718,2025-04-23 03:10:34,,4672.0,Medium,Privileged access used.
719,2025-04-23 03:10:49,,4672.0,Medium,Privileged access used.
720,2025-04-23 03:11:04,,4672.0,Medium,Privileged access used.
721,2025-04-23 03:11:08,,4672.0,Medium,Privileged access used.
722,2025-04-23 01:50:46,,4672.0,Medium,Privileged access used.
723,2025-04-23 02:05:14,,4672.0,Medium,Privileged access used.
724,2025-04-23 02:05:24,,4672.0,Medium,Privileged access used.
725,2025-04-23 02:05:24,,4672.0,Medium,Privileged access used.
726,2025-04-23 02:05:29,,4672.0,Medium,Privileged access used.
727,2025-04-23 02:05:39,,4672.0,Medium,Privileged access used.
728,2025-04-23 02:05:44,,4672.0,Medium,Privileged access used.
729,2025-04-23 02:19:04,,4672.0,Medium,Privileged access used.
730,2025-04-23 02:19:09,,4672.0,Medium,Privileged access used.
731,2025-04-23 02:19:14,,4672.0,Medium,Privileged access used.
732,2025-04-23 02:19:19,,4672.0,Medium,Privileged access used.
733,2025-04-23 02:19:24,,4672.0,Medium,Privileged access used.
734,2025-04-23 02:19:34,,4672.0,Medium,Privileged access used.
735,2025-04-23 02:23:56,,4672.0,Medium,Privileged access used.
736,2025-04-23 02:24:01,,4672.0,Medium,Privileged access used.
737,2025-04-23 02:24:21,,4672.0,Medium,Privileged access used.
738,2025-04-23 02:27:08,,4672.0,Medium,Privileged access used.
739,2025-04-23 02:27:21,,4672.0,Medium,Privileged access used.
740,2025-04-23 02:27:41,,4672.0,Medium,Privileged access used.
741,2025-04-23 02:27:42,,4672.0,Medium,Privileged access used.
742,2025-04-23 02:27:47,,4672.0,Medium,Privileged access used.
743,2025-04-23 02:27:48,,4672.0,Medium,Privileged access used.
744,2025-04-23 02:27:56,,4672.0,Medium,Privileged access used.
745,2025-04-23 02:28:00,,4672.0,Medium,Privileged access used.
746,2025-04-23 02:28:02,,4672.0,Medium,Privileged access used.
747,2025-04-23 02:28:11,,4672.0,Medium,Privileged access used.
748,2025-04-23 02:28:12,,4672.0,Medium,Privileged access used.
749,2025-04-23 02:28:15,,4672.0,Medium,Privileged access used.
750,2025-04-23 02:28:35,,4672.0,Medium,Privileged access used.
751,2025-04-23 02:51:19,,4672.0,Medium,Privileged access used.
752,2025-04-23 02:51:24,,4672.0,Medium,Privileged access used.
753,2025-04-23 02:51:34,,4672.0,Medium,Privileged access used.
754,2025-04-23 02:51:34,,4672.0,Medium,Privileged access used.
755,2025-04-23 02:51:34,,4672.0,Medium,Privileged access used.
756,2025-04-23 02:51:44,,4672.0,Medium,Privileged access used.
757,2025-04-23 02:51:59,,4672.0,Medium,Privileged access used.
758,2025-04-23 02:54:03,,4672.0,Medium,Privileged access used.
759,2025-04-23 02:54:19,,4672.0,Medium,Privileged access used.
760,2025-04-23 02:54:23,,4672.0,Medium,Privileged access used.
761,2025-04-23 02:54:26,,4672.0,Medium,Privileged access used.
762,2025-04-23 02:54:38,,4672.0,Medium,Privileged access used.
763,2025-04-23 02:56:10,,4672.0,Medium,Privileged access used.
764,2025-04-23 03:04:10,,4672.0,Medium,Privileged access used.
765,2025-04-23 03:04:15,,4672.0,Medium,Privileged access used.
766,2025-04-23 03:04:20,,4672.0,Medium,Privileged access used.
767,2025-04-23 03:04:31,,4672.0,Medium,Privileged access used.
768,2025-04-23 03:04:40,,4672.0,Medium,Privileged access used.
769,2025-04-23 03:04:46,,4672.0,Medium,Privileged access used.
770,2025-04-23 03:04:56,,4672.0,Medium,Privileged access used.
771,2025-04-23 03:10:33,,4672.0,Medium,Privileged access used.
772,2025-04-23 03:10:34,,4672.0,Medium,Privileged access used.
773,2025-04-23 03:10:49,,4672.0,Medium,Privileged access used.
774,2025-04-23 03:11:04,,4672.0,Medium,Privileged access used.
775,2025-04-23 03:11:08,,4672.0,Medium,Privileged access used.
776,2025-04-23 03:13:45,,4672.0,Medium,Privileged access used.
777,2025-04-23 03:14:00,,4672.0,Medium,Privileged access used.
778,2025-04-23 03:14:28,,4672.0,Medium,Privileged access used.
779,2025-04-23 03:14:43,,4672.0,Medium,Privileged access used.
780,2025-04-23 03:14:58,,4672.0,Medium,Privileged access used.
781,2025-04-23 03:41:15,,4672.0,Medium,Privileged access used.
782,2025-04-23 03:41:40,,4672.0,Medium,Privileged access used.
